id,structure_dc809,structure_17387,structure_1b96b,structure_313c0,runtime_perc_diff,memory_perc_diff,cpu_perc_diff,runtime,memory,cpu,runtime_has_improved,memory_has_improved,cpu_has_improved
e26e7,gemini-v15-flash,original,llama-3-70b,gemini-v15-flash,15.083186072740759,-18.82566228795973,-0.09821853882587192,1.4503460668027401,61177887.0328318,98.45940197659766,False,True,True
4bed7,llama-3-70b,gemini-v15-flash,original,gemini-v15-flash,27.574409971487647,12.64287043028,0.06020752243449098,1.2370008338242768,44976181.924216434,98.30356968031006,False,False,False
cd14a,llama-3-70b,gemini-v15-pro,gemini-v15-flash,gemini-v15-flash,28.055256775671662,11.981005494332878,0.2206630081979769,1.2287881579250097,45316945.84257137,98.14574118543021,False,False,False
fa9e7,gemini-v15-flash,original,gpt-4-o,llama-3-70b,0.0973990553309322,-0.22108567498771461,-0.21680810692331925,1.7062974650412799,51599243.29202266,98.57604998618245,False,True,True
d4580,original,gpt-4-o,gpt-4-o,gpt-4-o,44.62218665399016,51.54012347258931,0.8970257295533435,0.9458314562216401,24949769.222698547,97.48045193217459,False,False,False
b7862,original,gemini-v15-pro,llama-3-70b,gemini-v15-pro,19.1243393594679,19.169413776690917,-0.24201813608297748,1.3813247445970773,41615963.90503132,98.60084727459683,False,False,True
0c284,original,gemini-v15-flash,gpt-4-o,original,13.914645032811714,24.559014477489793,-0.2603007033254079,1.4703042920678855,38841105.54130096,98.6188305180907,False,False,True
49cca,gemini-v15-flash,gpt-4-o,original,llama-3-70b,28.474669784606913,57.628915514358816,-0.030707238342009956,1.2216247472912074,21814929.2855554,98.39299597687724,False,False,True
28a67,gemini-v15-flash,original,llama-3-70b,gpt-4-o,15.702539628066091,-18.86024790193152,0.014092009149040104,1.439767749607563,61195693.5802037,98.34893018648299,False,True,False
e3ecb,llama-3-70b,gemini-v15-flash,original,original,15.908606475708764,22.33466277182026,-0.08945616827582638,1.4362482082098722,39986322.279424086,98.45078306432481,False,False,True
74257,original,original,original,gemini-v15-flash,16.10474203538395,-20.457129522861102,-0.040566127390376086,1.4328982893377542,62017854.73234006,98.40269345535414,False,True,True
0aae0,gemini-v15-flash,gpt-4-o,original,gpt-4-o,44.26350988121727,50.0552982726815,0.4669195127049686,0.9519575156271458,25714237.65985588,97.90351641339592,False,False,False
15c01,original,gemini-v15-pro,llama-3-70b,original,13.811279705964647,23.5358685771456,-0.4167962807205362,1.4720697315409779,39367876.468591675,98.77276393655939,False,False,True
01267,llama-3-70b,original,gemini-v15-flash,original,2.422670168516438,-4.2971490589785875,-0.16484581439075827,1.6665827412158252,53697821.49847229,98.5249384247304,False,True,True
f1ccb,llama-3-70b,gemini-v15-pro,llama-3-70b,gemini-v15-flash,28.253764601154078,10.071166975745076,-0.055241040520658334,1.2253977216780185,46300234.15665598,98.41712810955636,False,False,True
b0cf5,original,gemini-v15-flash,llama-3-70b,llama-3-70b,12.915523943628505,24.56811108036124,0.06954302293822195,1.4873688906431197,38836422.11743328,98.29438702141596,False,False,False
d8097,gemini-v15-pro,gemini-v15-flash,llama-3-70b,gemini-v15-pro,19.99027357932237,18.883883324844273,0.011905262772085918,1.3665349258109927,41762970.44714657,98.35108113126195,False,False,False
ce3e9,llama-3-70b,gpt-4-o,original,llama-3-70b,28.75302928594463,57.12318679964908,0.0798599018971532,1.2168704755604267,22075305.820236884,98.28423905127833,False,False,False
5bb65,gpt-4-o,gemini-v15-flash,gemini-v15-flash,gemini-v15-pro,19.74047279892247,19.863886370888906,-0.12182228093604104,1.3708014257252217,41258411.79804385,98.48261927623098,False,False,True
d6c7a,gemini-v15-flash,gemini-v15-pro,llama-3-70b,llama-3-70b,12.99140465944471,25.43855718102139,-0.01657451587402165,1.4860728776082397,38388269.31786962,98.3790946365456,False,False,True
05f40,gemini-v15-pro,gemini-v15-pro,gemini-v15-flash,gemini-v15-pro,20.043938669179095,19.79310303755939,-0.05494756478199354,1.365618347004056,41294854.89195858,98.41683943862749,False,False,True
e5d82,gpt-4-o,gemini-v15-flash,original,gemini-v15-pro,20.02282618400829,19.275575601786247,-0.47528881726238176,1.3659789400175213,41561306.04731081,98.83029882830944,False,False,True
27a69,llama-3-70b,gpt-4-o,gemini-v15-flash,gpt-4-o,44.4446384053417,50.81015673378071,0.7855876004306277,0.9488639110699296,25325595.637840535,97.59006558675284,False,False,False
90479,gemini-v15-flash,original,original,llama-3-70b,0.14459753264116534,-1.1314914794747823,-0.38324009644372214,1.7054913334548474,52067969.511498466,98.73975713699052,False,True,True
fce2d,gemini-v15-flash,gemini-v15-pro,llama-3-70b,original,15.849604371238883,21.918298147834328,0.1222033358874768,1.437255941145122,40200689.339873955,98.24258886759694,False,False,False
6666e,original,gemini-v15-flash,original,gpt-4-o,28.628616220863197,9.833708757180966,0.2532053190022471,1.2189954021945595,46422490.50928735,98.11373166011101,False,False,False
34f89,gemini-v15-pro,original,gpt-4-o,gpt-4-o,14.954176258718908,-17.269429663752494,-0.08703438925193646,1.4525495041161776,60376654.18592509,98.44840093487343,False,True,True
3edf8,gemini-v15-flash,original,llama-3-70b,gemini-v15-pro,6.7281536030425775,-8.22745905630224,-0.19393611598233634,1.5930467631667853,55721357.96686225,98.55355245742584,False,True,True
41ce7,gemini-v15-flash,gemini-v15-flash,llama-3-70b,original,15.680469309194555,22.38548100921788,-0.10148830260227668,1.4401447020471096,39960158.29828687,98.46261820752294,False,False,True
b4b95,original,gemini-v15-flash,gpt-4-o,llama-3-70b,13.237477479845591,24.52047000842627,-0.026679667322371668,1.4818700497969985,38860950.321701966,98.38903434559349,False,False,True
f161d,original,gemini-v15-pro,llama-3-70b,llama-3-70b,12.917645084674815,25.883869171741637,-0.20610419331909813,1.4873326623812317,38158998.58511639,98.56552131796373,False,False,True
01d47,llama-3-70b,original,llama-3-70b,original,2.519092305231929,-2.3387594084494427,-0.019646657673880574,1.664935888722539,52689536.43193512,98.38211648097817,False,True,True
4f09c,gpt-4-o,original,original,gpt-4-o,15.885522573374159,-21.247549929164112,0.0795083908987979,1.4366424722597002,62424805.96992765,98.28458480730868,False,True,False
7c1c5,original,gemini-v15-pro,original,llama-3-70b,12.661235165585184,24.99223147210854,-0.048940206725649554,1.4917120438069105,38618061.967655554,98.41093043354907,False,False,True
f77c7,gemini-v15-flash,gemini-v15-pro,llama-3-70b,gemini-v15-pro,20.08516382991324,19.230711355011447,-0.10652409866369421,1.3649142373353242,41584404.59158275,98.46757155710219,False,False,True
657ac,llama-3-70b,gpt-4-o,llama-3-70b,original,31.692465082403317,57.19890413925211,0.1358834243584921,1.1666660584509372,22036322.43264646,98.2291327506999,False,False,False
a95c2,gemini-v15-flash,gpt-4-o,gemini-v15-flash,llama-3-70b,28.767137683747343,57.24002793247304,0.22825358393070583,1.216629509627819,22015149.676462404,98.13827488325009,False,False,False
e9730,gemini-v15-pro,gemini-v15-flash,gemini-v15-flash,gpt-4-o,28.579222716622464,9.837102791988858,-0.010584690678692174,1.2198390239849686,46420743.07633335,98.3732028772787,False,False,True
4c247,gemini-v15-pro,gemini-v15-flash,original,original,15.8860216820643,22.53803915697716,-0.06259936052593794,1.4366339476779104,39881613.100643136,98.42436595851959,False,False,True
a0de5,gemini-v15-pro,gemini-v15-flash,gemini-v15-flash,original,15.903636851157083,21.486731828442117,0.057738942250556695,1.4363330874592066,40422883.056505375,98.3059978446889,False,False,False
2eda6,gemini-v15-flash,original,llama-3-70b,llama-3-70b,0.18760572607217665,0.49480749064508,-0.3075308773331757,1.7047567702829838,51230662.714634225,98.66528743566563,False,False,True
bf29a,gemini-v15-flash,gemini-v15-flash,llama-3-70b,gemini-v15-pro,20.14338602661606,19.220125448617672,-0.1796690020074071,1.3639198249205946,41589854.78957053,98.53951892585646,False,False,True
bdaec,original,original,original,original,0.0,0.0,0.0,1.7079610029235481,51485416.411628775,98.36279148005761,False,False,False
5e594,llama-3-70b,gemini-v15-pro,llama-3-70b,llama-3-70b,12.637049365707762,23.974151018631442,-0.1570791706681138,1.492125127837062,39142224.928533636,98.51729893716049,False,False,True
7123d,gemini-v15-flash,gemini-v15-flash,gpt-4-o,gemini-v15-flash,27.957561140765733,10.24211523507882,0.1908093427671395,1.2304567612707615,46212220.73348957,98.1751060841071,False,False,False
51ca3,gpt-4-o,gemini-v15-flash,gemini-v15-flash,original,15.510439677215443,23.677733344968768,0.09953065739429524,1.4430487418547273,39294836.802136526,98.26489034706613,False,False,False
ffa25,llama-3-70b,gemini-v15-pro,gpt-4-o,gpt-4-o,28.22098967356999,11.538239693091224,-0.008376285619187879,1.2259575046598912,45544905.65906892,98.37103062841499,False,False,True
1231a,llama-3-70b,gemini-v15-flash,gemini-v15-flash,gemini-v15-flash,27.606923610230506,10.678501841997624,0.17981646796331138,1.2364455135539174,45987545.27175285,98.18591898262805,False,False,False
c18ec,gpt-4-o,gemini-v15-pro,llama-3-70b,gpt-4-o,28.12579265751251,11.384552290169177,0.12352765261718889,1.2275834325700998,45624032.258435555,98.24128623269355,False,False,False
293c7,llama-3-70b,original,llama-3-70b,llama-3-70b,-1.049911816390202,0.9379899959797002,-0.13967145555331248,1.725893087312579,51002488.35629921,98.50017622264068,True,False,True
83b83,llama-3-70b,original,original,gpt-4-o,14.705329756772763,-20.697336103676545,0.06678402058046742,1.4567997053265571,62141526.090721026,98.29710085315205,False,True,False
1ebcd,llama-3-70b,original,gpt-4-o,gemini-v15-pro,6.026756529385793,-6.61692937639166,-0.07948855448204319,1.6050263516604901,54892170.05472741,98.4409786411533,False,True,True
a87dd,gemini-v15-pro,gemini-v15-flash,gpt-4-o,llama-3-70b,12.510927175624984,25.900310084287337,-0.14811396017413936,1.494279245659709,38150533.91283036,98.50848050585655,False,False,True
e3146,llama-3-70b,gemini-v15-flash,gemini-v15-flash,gemini-v15-pro,18.74451230248736,19.31863179967735,0.22652575971892094,1.3878120426088572,41539138.38453556,98.13997441937667,False,False,False
0068d,gemini-v15-flash,original,gpt-4-o,gemini-v15-flash,14.063878476638351,-19.310476929777817,-0.018808045566385975,1.4677554430440067,61427495.86999639,98.38129159869955,False,True,True
80998,llama-3-70b,gemini-v15-flash,gpt-4-o,gemini-v15-pro,19.325722998053575,18.26674537780852,-0.049507140142631724,1.3778851905837655,42080706.48901211,98.41148808508385,False,False,True
c1832,gpt-4-o,gpt-4-o,original,original,31.3005849529747,56.453110136864034,0.35989093183751375,1.1733592182397843,22420297.580348913,98.00879271321864,False,False,False
7c329,gpt-4-o,gpt-4-o,gemini-v15-flash,gemini-v15-flash,44.28272782326083,49.746997093206005,1.074098763772928,0.9516292806714773,25872967.805910803,97.30627795275777,False,False,False
79159,llama-3-70b,original,gemini-v15-flash,gemini-v15-pro,6.229678662929429,-8.822414564806031,-0.1689772705147696,1.6015605207532644,56027673.28787935,98.52900224030275,False,True,True
5db77,gemini-v15-flash,gemini-v15-pro,gpt-4-o,llama-3-70b,12.446979962539613,25.420709035904302,-0.21069593657666205,1.4953714391216635,38397458.5097049,98.57003788480947,False,False,True
60784,gemini-v15-pro,gemini-v15-flash,gemini-v15-flash,llama-3-70b,11.400438454846283,26.324659094748558,-0.1033524678441787,1.5132459599524737,37932056.057755776,98.46445185249267,False,False,True
8ad4a,gpt-4-o,gpt-4-o,gemini-v15-flash,gemini-v15-pro,34.75204681874465,54.28372543922574,0.5637964758764856,1.114409595541656,23537214.32549814,97.80822552811931,False,False,False
5523d,llama-3-70b,gpt-4-o,gemini-v15-flash,llama-3-70b,28.265168143066884,56.75064821097486,0.09488345792438516,1.2252029536291957,22267108.86390981,98.26946146219038,False,False,False
31d3a,original,gemini-v15-flash,llama-3-70b,gemini-v15-flash,28.75558690444377,9.554550775375354,0.4097620107943806,1.2168267924338578,46566216.15866627,97.95973812781544,False,False,False
5830b,llama-3-70b,gpt-4-o,gpt-4-o,gpt-4-o,43.616345657272085,49.84468185684236,0.9754811396220208,0.9630108281970025,25822674.39858191,97.40328100076391,False,False,False
a438c,llama-3-70b,gpt-4-o,llama-3-70b,gemini-v15-pro,35.07995909066298,54.11568034826943,0.42691551603341354,1.1088089818134903,23623733.0403363,97.94286546122565,False,False,False
ab63a,gemini-v15-pro,original,original,gemini-v15-flash,13.887217262109772,-20.32103280379679,-0.09043613377393737,1.470772747695446,61947784.769807234,98.4517469857443,False,True,True
73503,gemini-v15-flash,gpt-4-o,gemini-v15-flash,gemini-v15-flash,43.316058352300416,50.9612441211381,0.8700414150633521,0.9681396182626486,25247807.667314135,97.5069944571687,False,False,False
81880,gemini-v15-pro,gpt-4-o,llama-3-70b,original,31.398248459789873,56.78514372206733,0.21736788326450338,1.1716911636292935,22249348.706380535,98.14898236229753,False,False,False
215d4,gemini-v15-flash,gpt-4-o,llama-3-70b,gemini-v15-flash,43.85097617702474,51.738962467836465,0.562130701877447,0.9590034304186702,24847396.138006847,97.80986402992451,False,False,False
46250,original,gemini-v15-pro,gemini-v15-flash,llama-3-70b,12.440043086788382,24.48803820974932,-0.06762989014842022,1.4954899182543158,38877647.96830057,98.42931412788249,False,False,True
7ad69,gpt-4-o,gpt-4-o,gpt-4-o,llama-3-70b,28.08090337854556,56.77367062085397,0.020099020528187902,1.2283501239493488,22255255.68031556,98.34302152240593,False,False,False
6b1fb,gpt-4-o,gpt-4-o,gemini-v15-flash,gpt-4-o,43.79171561918669,50.47170530667402,0.6666423402467259,0.9600155776366591,25499848.76443752,97.70706346500295,False,False,False
16112,original,gpt-4-o,llama-3-70b,gpt-4-o,44.101963733762524,50.410806860563525,0.3281722710926777,0.9547166608273983,25531202.58300572,98.03999207334735,False,False,False
41eef,gemini-v15-flash,gemini-v15-pro,original,gemini-v15-flash,27.76338075971833,10.35277275312036,0.1298335117346628,1.2337732864543796,46155248.24953511,98.2350836136388,False,False,False
4465f,gemini-v15-flash,original,gpt-4-o,gemini-v15-pro,5.680274166486671,-7.705032890629236,-0.09064065615761627,1.6109441353008151,55452384.680022195,98.45194815967008,False,True,True
d2929,gemini-v15-flash,gpt-4-o,gpt-4-o,gemini-v15-pro,34.83361970307874,54.50953856093025,0.4379584527542686,1.1130163624882699,23420953.499476474,97.93200332040564,False,False,False
39c6f,gemini-v15-flash,gpt-4-o,original,gemini-v15-flash,43.823636186024906,51.379481652534,1.2466997965598645,0.9594703868031502,25032476.33268524,97.13650275878513,False,False,False
30b53,original,original,llama-3-70b,gpt-4-o,14.692040908831428,-21.06044333690583,0.08184366424976719,1.457026673667133,62328473.36176987,98.28228776725197,False,True,False
06eae,llama-3-70b,gpt-4-o,gpt-4-o,llama-3-70b,28.47187986452563,56.71618884170474,0.3056171361674955,1.2216723980382085,22284850.413671356,98.06217793368185,False,False,False
b78a1,original,gemini-v15-flash,original,gemini-v15-flash,28.977272682720603,10.253696717351216,0.4335963277619723,1.213040485791862,46206257.95911499,97.93629402831591,False,False,False
2a210,original,original,llama-3-70b,llama-3-70b,-1.874404343520782,-0.7289166097708221,-0.14710125594512308,1.7399750981479882,51860702.16346281,98.50748438170746,True,True,True
34750,original,original,gpt-4-o,llama-3-70b,-0.7850310524426024,-0.8135494187460512,-0.28394539328688695,1.721369027160108,51904275.717584565,98.64208809517362,True,True,True
3dedc,gpt-4-o,original,gemini-v15-flash,gemini-v15-flash,16.31141361308775,-21.379218160029513,0.13985735785119888,1.4293684193864464,62492595.90687053,98.22522387878492,False,True,False
18906,gemini-v15-flash,original,original,gpt-4-o,15.716998697544968,-18.62874336096472,-0.002631304298166011,1.439520794339478,61076502.50327511,98.36537970441762,False,True,True
21701,original,gemini-v15-flash,gemini-v15-flash,original,13.914312682653687,23.626443125898373,-0.25974860606202865,1.4703099684789778,39321243.78500336,98.61828745981076,False,False,True
96215,gemini-v15-pro,gpt-4-o,llama-3-70b,llama-3-70b,28.077369353997245,56.92841646260025,0.023475310992770643,1.228410483710468,22175584.13931281,98.3397005088565,False,False,False
f5077,llama-3-70b,gemini-v15-pro,original,llama-3-70b,12.51928294389994,25.72874094994248,-0.29495102467684525,1.494136532396078,38238866.996081635,98.65291354142879,False,False,True
de2e8,gemini-v15-pro,gpt-4-o,llama-3-70b,gemini-v15-pro,34.78607452375461,53.86645416279533,0.32891249061494054,1.113828415609896,23752048.179734457,98.03926397276217,False,False,False
659ba,gemini-v15-flash,gemini-v15-flash,gemini-v15-flash,gemini-v15-flash,27.658398613423223,12.386857077009655,0.4392677130117325,1.235566340573132,45107991.46521705,97.93071549546866,False,False,False
67f02,gpt-4-o,gemini-v15-flash,original,original,15.443934791102604,22.16520495849191,-0.10220012712409171,1.4441846193745733,40073568.340258226,98.46331837799303,False,False,True
ec5f0,llama-3-70b,gemini-v15-flash,llama-3-70b,gemini-v15-flash,27.781921590798422,11.995583471737284,-0.06100266327554383,1.2334566162899137,45309440.31020032,98.42279540253261,False,False,True
fd5f3,llama-3-70b,gemini-v15-flash,gemini-v15-flash,llama-3-70b,12.666501522391162,23.902275362807426,0.08196215982083845,1.4916220964863895,39179230.40923322,98.28217121170049,False,False,False
5725a,gpt-4-o,gemini-v15-flash,gemini-v15-flash,gemini-v15-flash,28.83043723116627,10.73178707491538,0.4722891586357224,1.2155483780428766,45960111.14769924,97.89823467976584,False,False,False
d2eaf,original,gemini-v15-flash,llama-3-70b,gemini-v15-pro,18.47716521136705,21.5654638958416,-0.1765308941738611,1.3923782266676425,40382347.52375527,98.53643219539173,False,False,True
3d045,gemini-v15-pro,gemini-v15-flash,original,gemini-v15-pro,19.253847246141675,19.30418147852439,-0.10854101109665659,1.3791128003969788,41546578.192553975,98.46955544847296,False,False,True
6d6e2,gpt-4-o,gpt-4-o,llama-3-70b,gemini-v15-flash,43.942688265840275,49.30980352040261,0.8237009975715581,0.9574370237067342,26098058.73739351,97.55257618539714,False,False,False
2fabc,gemini-v15-pro,gpt-4-o,llama-3-70b,gpt-4-o,43.62094530711955,49.79335140691624,0.5458558109034801,0.9629322679713368,25849102.094472338,97.82587246699684,False,False,False
2d53f,gpt-4-o,gpt-4-o,gpt-4-o,gpt-4-o,43.45031267908012,49.1774964062282,0.4246942940917183,0.9658466067165137,26166177.60606841,97.94505031713247,False,False,False
e086f,original,gpt-4-o,gemini-v15-flash,gemini-v15-pro,34.52173811610356,55.91556834587788,0.36618091290709437,1.118343178369105,22697053.209824663,98.00260571225503,False,False,False
bb36a,gpt-4-o,gpt-4-o,llama-3-70b,gpt-4-o,43.74984918350612,49.42517601513921,0.3158923729315551,0.9607306400313973,26038658.728053886,98.05207092396954,False,False,False
71a5a,original,gpt-4-o,original,llama-3-70b,28.419550315190726,57.46817769038251,-0.12096885650914722,1.2225661663338543,21897685.82356059,98.48177982414151,False,False,True
77c1c,gpt-4-o,original,llama-3-70b,gemini-v15-pro,5.269622932849617,-8.999509544529127,-0.03334672541247353,1.6179578982293605,56118851.37563387,98.39559225004051,False,True,True
7b0d4,gpt-4-o,gpt-4-o,gemini-v15-flash,llama-3-70b,28.00600399813935,56.94236456205724,0.454484506065584,1.2296293761581183,22168402.902225867,97.91574783304715,False,False,False
66179,original,gpt-4-o,llama-3-70b,llama-3-70b,28.607990619131435,58.194129815930346,0.28244481493515133,1.2193476794287563,21523926.34877322,98.08497087569671,False,False,False
bc2c7,original,gpt-4-o,gpt-4-o,original,28.87747251609701,56.31197979356095,0.40683171649425076,1.2147450337186456,22492959.125281665,97.96262044708763,False,False,False
6675e,gemini-v15-flash,gpt-4-o,gemini-v15-flash,original,31.329897746157858,57.11881198525006,0.1434264275223547,1.1728585671633482,22077558.21164746,98.2217132422265,False,False,False
fa4ce,gemini-v15-flash,gpt-4-o,gemini-v15-flash,gemini-v15-pro,35.19495240892582,54.82812809265802,0.43336660115582426,1.1068449407815932,23256926.352422576,97.9365199938185,False,False,False
0c5ea,llama-3-70b,gpt-4-o,original,original,31.037091258818702,57.24316683648942,0.3952935513206944,1.1778595877811313,22013533.59865881,97.97396970843792,False,False,False
ff2f8,gpt-4-o,original,llama-3-70b,original,1.643330804742434,-3.7898042194626314,-0.09776378074707155,1.6798935536295176,53436612.89520459,98.45895466385687,False,True,True
76a66,original,gpt-4-o,llama-3-70b,original,29.104127406359243,56.590344263342615,0.2559679852777197,1.2108738565817476,22349642.01887255,98.11101422444318,False,False,False
412c5,llama-3-70b,gemini-v15-flash,gemini-v15-flash,original,15.004979254799643,22.941141908595363,-0.006790612408061835,1.4516818087548018,39674073.97040577,98.36947091598077,False,False,True
a755a,original,gemini-v15-pro,original,gemini-v15-flash,29.242900026721315,9.970417169126142,0.2286354627381192,1.2085036743432283,46352105.61412765,98.13789925659505,False,False,False
d4f55,gpt-4-o,gemini-v15-pro,original,original,15.958430186644614,24.094724167910456,-0.007132860971335951,1.4353972386568785,39080147.34054672,98.3698075612214,False,False,True
cf266,gemini-v15-flash,gpt-4-o,llama-3-70b,gemini-v15-pro,35.45737996521639,54.85374487722567,0.2131566073568158,1.102362780459225,23243737.44421665,98.15312469083726,False,False,False
3ec43,original,gemini-v15-pro,llama-3-70b,gpt-4-o,28.65581507073931,9.49919345136231,0.3822215848186455,1.2185308564454318,46594717.10744872,97.98682765959067,False,False,False
b0d30,gemini-v15-flash,gemini-v15-flash,llama-3-70b,gemini-v15-flash,27.67619031252448,10.908025102070775,-0.07664287383590508,1.2352624652907251,45869374.26554264,98.43817955023314,False,False,True
7c8af,gemini-v15-flash,original,gpt-4-o,gpt-4-o,15.759024857603379,-18.7817932565711,-0.05338286241324673,1.4388030039146542,61155300.87934562,98.41530035369924,False,True,True
e33a9,gpt-4-o,gemini-v15-flash,gpt-4-o,original,16.071892196783114,21.897241807662507,-0.2842101525041343,1.4334593517705798,40211530.28429247,98.6423485197304,False,False,True
48f3e,llama-3-70b,gpt-4-o,llama-3-70b,llama-3-70b,28.501897785327092,56.302214246933104,0.263857864464299,1.221159703657031,22497986.957627885,98.10325351903086,False,False,False
c6da1,gemini-v15-flash,original,gemini-v15-flash,llama-3-70b,-1.225408643912301,0.4348297311117148,-0.31762950975953286,1.7288905046880245,51261542.51388434,98.67522073242151,True,False,True
13043,original,original,gemini-v15-flash,original,-0.0370995692630439,-0.12684061649751252,-0.3197318875568853,1.7085946490988135,51550720.8312116,98.67728868991044,True,True,True
cb236,gemini-v15-pro,gemini-v15-flash,gemini-v15-flash,gemini-v15-flash,27.792050151350274,10.313722943291385,0.2548355967940596,1.2332836244255305,46175353.20673351,98.11212807336611,False,False,False
54160,llama-3-70b,gpt-4-o,gpt-4-o,gemini-v15-flash,43.81001232694316,51.350769456535616,0.8467508923939887,0.9597030770033598,25047258.92635593,97.52990366541658,False,False,False
d1501,gemini-v15-flash,gemini-v15-pro,llama-3-70b,gemini-v15-flash,27.793600991521643,10.742110400456177,0.08803836601595548,1.2332571366801859,45954796.14055703,98.27619448567089,False,False,False
138a5,gemini-v15-flash,gpt-4-o,gpt-4-o,gemini-v15-flash,43.41799600756299,52.018959614402455,0.4809480561169445,0.9663985628634691,24703238.44115667,97.88971754649191,False,False,False
116bf,gemini-v15-pro,gpt-4-o,gemini-v15-flash,gemini-v15-pro,35.11699767544419,54.176423336116336,0.5532867991690149,1.1081763772293924,23592459.26010245,97.8185631395043,False,False,False
3f8e5,llama-3-70b,gpt-4-o,gpt-4-o,original,31.2535868018352,56.58612009326991,0.2541029357042994,1.174161928333342,22351816.850424416,98.11284873926608,False,False,False
ca9c5,gpt-4-o,gpt-4-o,gemini-v15-flash,original,31.407593251969057,57.0180184292529,0.5513467373731573,1.1715315582230688,22129452.193668686,97.82047143844315,False,False,False
91873,gpt-4-o,gpt-4-o,gpt-4-o,gemini-v15-pro,34.80712113870541,53.637663418027095,0.2962927304040303,1.1134689476341009,23869842.04738965,98.07134967947972,False,False,False
d6989,gemini-v15-pro,gemini-v15-pro,original,original,15.210643552515068,22.18460565675421,-0.24888303588833774,1.4481691427528858,40063579.80997112,98.60759978167769,False,False,True
7f767,original,gpt-4-o,gemini-v15-flash,gpt-4-o,44.164576158817,50.25748838268618,0.8557346286736277,0.9536472650244832,25610139.23977684,97.52106701163272,False,False,False
11680,llama-3-70b,original,gemini-v15-flash,gemini-v15-flash,14.006400613421517,-20.653968314709992,0.1862120087068868,1.468737142533064,62119198.00398308,98.17962815022243,False,True,False
0874e,llama-3-70b,gpt-4-o,llama-3-70b,gemini-v15-flash,43.67467826293306,50.93322343723782,0.661724850017525,0.9620145300403238,25262234.233101584,97.71190044566315,False,False,False
89ac1,original,gpt-4-o,llama-3-70b,gemini-v15-pro,34.50205572357501,54.920197467308924,0.39658468877702896,1.118679345957935,23209524.051495977,97.97269970959402,False,False,False
7708f,original,gpt-4-o,gpt-4-o,llama-3-70b,28.615920608411493,57.64185430017051,-0.2289935386968144,1.219212238304317,21808267.697801642,98.58803591702876,False,False,True
36b00,gemini-v15-flash,gpt-4-o,original,original,31.37347796355898,56.53475358398871,0.08032089110588862,1.1721142340451478,22378263.111623965,98.2837856094242,False,False,False
7a6ce,gemini-v15-pro,gemini-v15-flash,gemini-v15-flash,gemini-v15-pro,19.434583918796758,18.6648287593349,-0.03700970152776373,1.3760258885100485,41875751.60236776,98.39919525559876,False,False,True
251a0,original,original,llama-3-70b,original,0.030404821098632115,-2.627127464485034,-0.14973974045054098,1.7074417004361748,52838003.92638316,98.51007966871975,False,True,True
bde8c,llama-3-70b,gpt-4-o,original,gemini-v15-pro,35.17810338465015,54.697638003448624,0.2756314314060488,1.1071327155455948,23324109.71822794,98.09167270993018,False,False,False
5529f,gemini-v15-pro,gpt-4-o,original,gemini-v15-pro,35.08872165116909,53.772036376677875,0.23044862413824727,1.1086593206971884,23800659.57008367,98.13611578042784,False,False,False
32dab,original,original,gemini-v15-flash,gemini-v15-flash,15.201581326130617,-20.149103234524873,-0.09749236152729512,1.4483239220455288,61859266.11513287,98.45868768833569,False,True,True
86fbb,original,gpt-4-o,gemini-v15-flash,original,28.919456460324025,56.94003240167019,0.012522893802982141,1.214027964323759,22169603.624712527,98.35047361213891,False,False,False
da34f,original,gemini-v15-pro,gemini-v15-flash,gemini-v15-flash,28.769665180798196,8.967556685027148,0.05566297301021753,1.2165863409638404,46868432.510393694,98.30803982598397,False,False,False
b6a3d,gemini-v15-flash,gpt-4-o,original,gemini-v15-pro,35.56507583370748,54.52051018409003,0.4163413965258288,1.1005233770236373,23415304.71360555,97.95326646034775,False,False,False
69103,original,gemini-v15-flash,gemini-v15-flash,gemini-v15-flash,29.23819313055871,10.57416827646116,0.06766033295270221,1.2085840662941336,46041261.8424264,98.29623888784063,False,False,False
2b5c9,gemini-v15-flash,gemini-v15-pro,gpt-4-o,gemini-v15-flash,28.214280540832718,10.668511453551858,-8.865043910314463e-05,1.2260720940306782,45992688.86484529,98.36287867910417,False,False,True
7aa4f,gemini-v15-flash,gpt-4-o,llama-3-70b,original,31.352544385831724,57.36019071866954,0.10964464483412849,1.172471771389246,21953283.365617324,98.25494194669037,False,False,False
8271b,original,original,gemini-v15-flash,gemini-v15-pro,5.810713233414534,-7.420073825577059,-0.10259530244389586,1.60871628690511,55305672.3187774,98.46370708346883,False,True,True
96c0b,gpt-4-o,gemini-v15-flash,gpt-4-o,llama-3-70b,12.999989195866185,24.774816486003925,-0.3009108521294214,1.4859262570738792,38729998.9785928,98.65877579407854,False,False,True
0954a,gemini-v15-pro,gemini-v15-flash,gpt-4-o,gemini-v15-pro,20.050443669668372,18.360119193294377,-0.06235276001006365,1.3655072441324592,42032632.59128979,98.42412339536837,False,False,True
abe51,llama-3-70b,gemini-v15-pro,original,original,15.931517806791506,22.94979170271514,-0.2586097650364677,1.4358568916097283,39669620.587884456,98.6171672639875,False,False,True
f4956,gpt-4-o,gpt-4-o,gpt-4-o,gemini-v15-flash,44.322872570613335,49.21675338883943,0.36113914714925666,0.9509436240419745,26145965.985100377,98.00756493379433,False,False,False
82505,llama-3-70b,gemini-v15-flash,gpt-4-o,gemini-v15-flash,27.75235859983591,10.824072317200573,0.47364518056505034,1.2339615406468512,45912597.706422225,97.89690085874307,False,False,False
ef9e5,llama-3-70b,gemini-v15-pro,original,gemini-v15-flash,27.849946061445124,12.050960435467607,0.17509388868696618,1.2322947848588228,45280929.249827646,98.19056424343412,False,False,False
ae6ca,gpt-4-o,original,original,original,2.115530005041042,-2.7621257826462697,-0.21497515440857834,1.6718285754323006,52907508.37263717,98.57424704292245,False,True,True
123e9,gemini-v15-pro,gpt-4-o,gpt-4-o,original,31.35676824825522,56.856396172217806,0.2772586714208052,1.1723996294662355,22212664.085717075,98.09007211122758,False,False,False
b45e5,gemini-v15-pro,gpt-4-o,original,gpt-4-o,43.8024044364955,49.69135745216443,0.43683140803162074,0.9598330168053508,25901614.10679099,97.93311191305607,False,False,False
5cb12,llama-3-70b,gemini-v15-flash,llama-3-70b,gemini-v15-pro,19.506326141739507,19.176252609397036,0.02169705648154058,1.3748005593195558,41612442.90353488,98.34144964963336,False,False,False
cc21e,llama-3-70b,gpt-4-o,original,gpt-4-o,43.74519697925631,50.26434337845871,0.32474922662071515,0.9608100978657603,25606609.916658353,98.04335907544358,False,False,False
5da1f,gpt-4-o,gpt-4-o,original,gemini-v15-pro,34.86040697313652,54.801357309805766,0.21409146378126936,1.1125588463619351,23270709.40145071,98.15220513996184,False,False,False
1e7f1,gemini-v15-pro,gpt-4-o,gpt-4-o,gemini-v15-flash,43.51854574239205,51.13305420970252,0.7242099579728676,0.9646812126040458,25159350.527779557,97.65043834921894,False,False,False
c2606,gemini-v15-pro,gpt-4-o,llama-3-70b,gemini-v15-flash,43.714838790783624,51.494564137759,1.0145638344089116,0.9613286038860679,24973225.635950297,97.3648381711859,False,False,False
dd3c1,gpt-4-o,gpt-4-o,original,gpt-4-o,43.57158802059414,49.53598835783558,0.6339229217027769,0.9637752711772919,25981606.531981178,97.73924719843882,False,False,False
bee7e,gemini-v15-flash,gpt-4-o,gpt-4-o,gpt-4-o,43.82682336678565,49.69936667228867,0.8171788782431965,0.959415950998664,25897490.526458703,97.55899152403218,False,False,False
fed77,original,gpt-4-o,original,gemini-v15-pro,34.35487956812283,55.47701774619,0.4393725452094204,1.1211930572986604,22922842.81224966,97.93061237959265,False,False,False
551fd,original,gpt-4-o,original,gemini-v15-flash,44.554358768870905,50.61041362542367,0.5899220631691496,0.9469899300485849,25428434.208931692,97.78252767116768,False,False,False
c04c4,original,gpt-4-o,gemini-v15-flash,gemini-v15-flash,44.39599521089169,50.75194178149038,0.8726966400174069,0.949694717861712,25355567.848441046,97.50438270378382,False,False,False
aeebd,gemini-v15-pro,gpt-4-o,gemini-v15-flash,gemini-v15-flash,43.653683580761665,50.997879803691035,0.6995663814451396,0.962373111024499,25228945.633596517,97.67467845901214,False,False,False
8d4ed,llama-3-70b,gpt-4-o,gemini-v15-flash,original,31.324236342522536,56.45950870484178,0.15207334222794466,1.1729552617296577,22417003.25098119,98.21320789554518,False,False,False
2e913,original,gemini-v15-flash,gemini-v15-flash,llama-3-70b,12.818966838396005,24.09768470101193,-0.36611941622990435,1.4890180483460427,39078623.09775142,98.72291675801183,False,False,True
d15b1,gemini-v15-pro,gpt-4-o,gpt-4-o,llama-3-70b,28.148776358591924,57.18467905376597,0.09211335414385524,1.2271908799186348,22043646.277143907,98.2721862135958,False,False,False
d80f3,original,gemini-v15-pro,original,gemini-v15-pro,18.596056530766358,21.297916295919727,-0.030303181378636072,1.390347609296441,40520095.51967436,98.3925985351689,False,False,True
a7f1d,gemini-v15-pro,gpt-4-o,gpt-4-o,gpt-4-o,43.75539879316376,49.51860441844956,0.7324917206739779,0.9606358548626304,25990556.72556281,97.64229217624238,False,False,False
a0771,llama-3-70b,gemini-v15-pro,gpt-4-o,llama-3-70b,12.405071463706957,26.256115838480902,-0.2990877789286651,1.496087219938636,37967345.838667266,98.65698256838755,False,False,True
2a578,gemini-v15-flash,gemini-v15-pro,gemini-v15-flash,gemini-v15-pro,19.33280503911912,19.05754103296184,0.0892304823035452,1.377764232084155,41673562.05299135,98.27502188681272,False,False,False
e4194,gemini-v15-flash,gemini-v15-flash,llama-3-70b,llama-3-70b,12.065149774719808,24.805402358340586,-0.04607126473258497,1.5018929498270155,38714251.71485714,98.40810846211875,False,False,True
4a4ab,original,gemini-v15-flash,gemini-v15-flash,gemini-v15-pro,18.47373026479038,19.851346438087912,-0.17250683217666238,1.3924368942156433,41264868.03466418,98.53247401568039,False,False,True
b7892,gemini-v15-pro,gemini-v15-pro,original,gemini-v15-pro,19.34955071040223,19.02306837572738,0.06777757384435645,1.3774782225489617,41691310.44411667,98.29612356642684,False,False,False
ea558,gemini-v15-flash,gpt-4-o,gemini-v15-flash,gpt-4-o,43.85183825898183,49.30557425453659,0.7726309635988899,0.95898870639503,26100236.19253578,97.60281009642247,False,False,False
54aae,original,gemini-v15-pro,gemini-v15-flash,gemini-v15-pro,18.501950910095747,19.543469588229996,-0.20694863107419803,1.3919548965990542,41423379.71284853,98.56635193051196,False,False,True
d7fa0,gemini-v15-flash,gemini-v15-flash,gpt-4-o,llama-3-70b,12.51493525854964,24.509007884532988,-0.152931501032397,1.494210789166391,38866851.64391804,98.51321917352543,False,False,True
2470a,original,gemini-v15-pro,llama-3-70b,gemini-v15-flash,28.975476824961028,11.14350895423595,0.4362816772580489,1.2130711583420635,45748134.42367326,97.93365264359058,False,False,False
0f186,gemini-v15-flash,gpt-4-o,llama-3-70b,llama-3-70b,28.40595178997008,57.37916982161286,0.5643549227258604,1.2227984238415956,21943511.89543576,97.80767622420933,False,False,False
986cd,llama-3-70b,gpt-4-o,gemini-v15-flash,gemini-v15-pro,35.50295614843448,54.36037131400285,0.14307103181455638,1.101584357023239,23497752.877706815,98.22206281936549,False,False,False
47eb8,gemini-v15-flash,gemini-v15-flash,gemini-v15-flash,original,15.770759779069984,21.807811069479058,-0.49111419389209443,1.438602576032281,40257574.07224621,98.84586511052466,False,False,True
b8e89,gpt-4-o,gemini-v15-flash,llama-3-70b,gemini-v15-pro,19.846406322764288,18.389074018346495,0.04323289975848209,1.3689921224489807,42017725.079040445,98.32026639301739,False,False,False
573e1,llama-3-70b,gemini-v15-flash,gemini-v15-flash,gpt-4-o,28.731743367974374,9.780028224716865,0.27607778812909556,1.217234030738473,46450128.15495847,98.09123366099743,False,False,False
11259,gemini-v15-flash,gemini-v15-flash,gpt-4-o,gemini-v15-pro,19.9660375697607,19.744489266772025,0.042346531915658105,1.3669488674029708,41319883.89428185,98.32113824917037,False,False,False
b114f,llama-3-70b,gemini-v15-flash,original,gpt-4-o,28.677260178709794,10.277585836607528,0.18477265684648275,1.218164582364261,46193958.54658881,98.18104393689154,False,False,False
4a0ab,llama-3-70b,gpt-4-o,gpt-4-o,gemini-v15-pro,35.07528959002759,53.82950694721225,0.43421200641705543,1.108888735063374,23771070.60752991,97.93568842960423,False,False,False
b1c95,original,gpt-4-o,gpt-4-o,gemini-v15-pro,34.53998749327149,55.33744633360294,0.33805906859250956,1.1180314861238003,22994701.7352117,98.03026714333853,False,False,False
68983,gpt-4-o,gpt-4-o,llama-3-70b,original,31.455333719046433,56.5035470778917,0.30845040505161975,1.1707161696627737,22394329.91123553,98.05939105131729,False,False,False
cd563,gemini-v15-pro,original,llama-3-70b,gemini-v15-pro,5.7224950799207,-9.07710695715903,-0.2611568144941936,1.6102230185642838,56158802.72665103,98.6196726129345,False,True,True
7a43b,gemini-v15-pro,gpt-4-o,original,original,31.322470115456298,56.58917318906405,20.142629667856532,1.172985428199172,22350244.95134136,78.54993866126367,False,False,False
fdb55,original,gpt-4-o,gpt-4-o,gemini-v15-flash,44.32965975519904,50.15437986818569,0.34950264804305203,0.9508277015760541,25663225.087823264,98.01901091914574,False,False,False
c1462,gemini-v15-pro,gpt-4-o,gemini-v15-flash,llama-3-70b,28.023310013424762,56.598071964544516,0.10118333488956503,1.2293337961658835,22345663.37972971,98.26326472734762,False,False,False
b088a,gemini-v15-flash,gpt-4-o,gpt-4-o,original,31.003133044709724,56.39588150937733,0.2694929198444159,1.178439580835402,22449761.9775171,98.09771072125753,False,False,False
b8102,original,gpt-4-o,llama-3-70b,gemini-v15-flash,44.50570911826688,50.36018259564846,0.6765163365957093,0.9478208471089602,25557266.696602564,97.69735112656345,False,False,False
95e65,original,original,original,gemini-v15-pro,4.763665757367429,-7.431975113176194,-0.12695519374261674,1.6265994494780898,55311799.74625616,98.48766815255176,False,True,True
30877,original,gemini-v15-flash,gpt-4-o,gemini-v15-pro,18.49893566805825,20.402063583124935,-0.05660502795804773,1.3920063957571984,40981329.01929163,98.41846976567521,False,False,True
bd170,gpt-4-o,gpt-4-o,llama-3-70b,gemini-v15-pro,34.42589333622864,54.194426526595095,0.3278302794669923,1.1199801698327065,23583190.242517084,98.040328465857,False,False,False
c9d3a,original,gpt-4-o,original,original,29.012792228251232,56.67228558231859,0.38372793975654734,1.2124338258057832,22307454.189584594,97.98534596682416,False,False,False
23f0c,gemini-v15-pro,gpt-4-o,original,gemini-v15-flash,43.8103402384953,51.60823716640172,0.8459445715262823,0.959697476401925,24914700.60380588,97.53069678513035,False,False,False
74c03,llama-3-70b,gemini-v15-flash,original,llama-3-70b,12.054678754457946,26.18765438800637,-0.4413990738993994,1.5020717907696963,38002593.50152552,98.79696393071218,False,False,True
5a872,original,gpt-4-o,original,gpt-4-o,44.26505671900938,51.478813919696655,1.1051137194795828,0.9519310962408781,24981334.701305438,97.2757707765484,False,False,False
2a30a,gemini-v15-pro,gpt-4-o,gpt-4-o,gemini-v15-pro,35.08592795772751,54.30957921798133,0.23383799530738258,1.1087070358917117,23523903.399847683,98.13278190033226,False,False,False
c2a40,gemini-v15-pro,gpt-4-o,original,llama-3-70b,27.949544298765147,56.844962604609464,0.0360784244080477,1.2305936858057975,22218550.705610935,98.32730373468783,False,False,False
f0bf3,gpt-4-o,gpt-4-o,original,llama-3-70b,28.300162886159292,57.03096433576604,0.2117440269772443,1.2246052570641042,22122786.93979213,98.1545141443305,False,False,False
2f57d,gemini-v15-pro,gemini-v15-pro,original,gemini-v15-flash,27.63882188588832,12.555623351114978,0.13696831975887377,1.2359007034450769,45021101.44623153,98.22806561729945,False,False,False
99e15,gemini-v15-pro,gpt-4-o,gemini-v15-flash,original,31.18713597510655,56.54304043337122,0.17798504623376457,1.1752968825399877,22373996.592711978,98.18772042016501,False,False,False
8dc8d,gemini-v15-flash,gpt-4-o,gpt-4-o,llama-3-70b,28.097933829473526,56.616844820620344,0.3269031897824311,1.2280592504888772,22335998.096606713,98.04124037715026,False,False,False
9db40,gpt-4-o,gemini-v15-pro,gemini-v15-flash,gemini-v15-flash,28.51939000394631,10.580037957970562,0.07302888918774117,1.2208609433844686,46038239.812459245,98.29095822606567,False,False,False
82fad,original,gpt-4-o,gemini-v15-flash,llama-3-70b,28.241996602803813,57.82609592247092,-0.03805139485401521,1.2255987145006657,21713410.131356735,98.40021989423312,False,False,True
f5b15,gpt-4-o,gpt-4-o,original,gemini-v15-flash,44.29021469353773,49.08168550522978,0.8460240697867928,0.9515014078468085,26215506.24741518,97.53061858842213,False,False,False
fd130,llama-3-70b,gpt-4-o,gemini-v15-flash,gemini-v15-flash,43.799329453222065,50.70271736620391,0.44163800040114853,0.9598855363205075,25380911.24362747,97.92838401462633,False,False,False
96532,llama-3-70b,gpt-4-o,original,gemini-v15-flash,43.6770559706674,50.67023495576426,0.6568515118293691,0.9619739197194577,25397634.947902866,97.71669399714328,False,False,False
e5695,gpt-4-o,gpt-4-o,gpt-4-o,original,31.599398728038175,56.37840667437836,-0.07593220572056393,1.1682555954903364,22458758.969083566,98.43748051723674,False,False,True
4a82c,gpt-4-o,original,gpt-4-o,original,1.5793237304587917,-1.994806764206498,-0.2736639263424614,1.6809867694973946,52512450.98078783,98.63197495728198,False,True,True
5e247,original,gemini-v15-flash,original,gemini-v15-pro,18.589269258935314,21.2085752687566,-0.022267129309374682,1.3904635332524777,40566093.11953572,98.38469405002878,False,False,True
b70ef,gpt-4-o,original,gemini-v15-flash,gemini-v15-pro,5.757755146950582,-8.951903711763428,-0.046394002401018354,1.6096207903698088,56094341.31439823,98.40842591589858,False,True,True
0823d,gemini-v15-flash,gpt-4-o,llama-3-70b,gpt-4-o,43.849499320888555,49.45541683866413,0.3523128098601707,0.9590286545455455,26023089.114135776,98.01624676553732,False,False,False
03977,gpt-4-o,gemini-v15-flash,gemini-v15-flash,llama-3-70b,12.999767178326646,24.685105158032304,-0.30078166644953513,1.485930049046874,38776187.22936739,98.65864872343761,False,False,True
52988,gemini-v15-pro,original,original,original,2.2609440012402398,-2.8971341904929777,0.1224031867247267,1.6693449610844255,52977018.013607755,98.24239228873462,False,True,False
ab6e8,gpt-4-o,gpt-4-o,llama-3-70b,llama-3-70b,28.881194565225293,57.746115476491035,0.2340225724591909,1.214681462571025,21754588.397017356,98.13260034509331,False,False,False
560cd,gemini-v15-flash,gemini-v15-pro,llama-3-70b,gpt-4-o,28.810365571811122,9.599697568917383,-0.0011971992569123552,1.2158911941573023,46542972.14401466,98.36396907866629,False,False,True
93bc8,gemini-v15-pro,gpt-4-o,gemini-v15-flash,gpt-4-o,44.222551276760825,50.43232712378032,0.5396414742869343,0.9526570726186037,25520122.785875674,97.83198506196484,False,False,False
